Id,Giriş Tarihi,Çıkış Tarihi,Ziyaretçi Tipi,Daire,Ev Sahibi,Ziyaretçi Adı,Plaka,Açıklama,Bilgilendirildi mi?,Oluşturma Tarihi,Güncelleme Tarihi
0,2025-01-08 18:14,,Araç,4,Judith,Charles Garcia,RCS-6001,Discussion own night respond red.,Hayır,2025-01-17T11:18:32.079Z,2025-01-17T11:18:32.079Z
1,2024-12-25 16:12,,Yaya,76,Joshua,Olivia Moore,KIE 351,Here grow gas enough.,Evet,2025-01-17T11:18:32.079Z,2025-01-17T11:18:32.079Z
2,2024-11-30 13:49,,Araç,49,Christian,Mark Mcclure,10S G34,Talk term herself law.,Hayır,2025-01-17T11:18:32.079Z,2025-01-17T11:18:32.079Z
3,2024-01-15 23:22,,Kargo,46,Jason,Timothy Wong,83U F27,Establish understand read detail food shoulder.,Evet,2025-01-17T11:18:32.079Z,2025-01-17T11:18:32.079Z
4,2023-12-03 18:42,,Araç,41,Richard,Thomas Bradley,767-KGU,Enter east no enjoy.,Hayır,2025-01-17T11:18:32.079Z,2025-01-17T11:18:32.079Z
5,2024-05-08 01:57,,Yaya,47,Jeffrey,Ms. Ann Williams MD,FZV-6916,Other life edge network wall quite.,Evet,2025-01-17T11:18:32.079Z,2025-01-17T11:18:32.079Z
6,2024-12-09 06:33,,Kargo,99,Danielle,Jeffrey Chavez,8XI 281,Fear police participant check several much single morning.,Evet,2025-01-17T11:18:32.079Z,2025-01-17T11:18:32.079Z
7,2024-12-08 06:27,,Kargo,63,Andrew,Sherry Decker,911 HBH,Staff within mouth call process water close.,Hayır,2025-01-17T11:18:32.079Z,2025-01-17T11:18:32.079Z
8,2024-12-03 13:41,,Paket Yemek,92,Larry,Marie Kim DDS,H50 9HC,Discover detail audience piece director town teacher.,Evet,2025-01-17T11:18:32.079Z,2025-01-17T11:18:32.079Z
9,2024-12-07 05:45,,Paket Yemek,36,Elizabeth,Carlos Walls,376 3SP,Best issue interest level.,Evet,2025-01-17T11:18:32.079Z,2025-01-17T11:18:32.079Z
10,2024-12-09 04:07,,Araç,8,Richard,Scott Wright,MRO 262,Leg themselves away space task.,Evet,2025-01-17T11:18:32.079Z,2025-01-17T11:18:32.079Z
11,2023-01-01 14:44,,Araç,12,Sara,Carol Tucker,2M B6064,Expect recent room situation product main couple.,Evet,2025-01-17T11:18:32.079Z,2025-01-17T11:18:32.079Z
12,2023-01-01 17:02,,Araç,96,Lee,John Calhoun,FBQ 1219,Push dog build three.,Evet,2025-01-17T11:18:32.079Z,2025-01-17T11:18:32.079Z
13,2024-01-08 00:37,,Araç,80,Christopher,Krystal Stewart,GV5 3462,Lead upon very act perform.,Evet,2025-01-17T11:18:32.079Z,2025-01-17T11:18:32.079Z
14,2023-01-01 21:20,,Paket Yemek,65,Joseph,Shirley Suarez,849 JFO,Account stage federal professional voice care break.,Evet,2025-01-17T11:18:32.079Z,2025-01-17T11:18:32.079Z
15,2024-01-07 17:08,,Paket Yemek,35,Juan,Grant Watts,QP4 0164,About side PM.,Hayır,2025-01-17T11:18:32.079Z,2025-01-17T11:18:32.079Z
16,2024-01-02 23:03,,Yaya,71,Janice,Ashley Landry,ERB 598,Involve among half value.,Evet,2025-01-17T11:18:32.079Z,2025-01-17T11:18:32.079Z
17,2024-06-05 08:13,,Paket Yemek,88,John,Richard Henson,2-32260T,Say forward us soon.,Evet,2025-01-17T11:18:32.079Z,2025-01-17T11:18:32.079Z
18,2023-04-04 05:42,,Paket Yemek,90,Daniel,Shannon Walker,43L-303,Foreign ten whom evidence political hundred.,Hayır,2025-01-17T11:18:32.079Z,2025-01-17T11:18:32.079Z
19,2022-01-01 08:02,,Araç,34,Gregory,Deborah Rodriguez,5-L6981,Tonight couple and job mind southern.,Evet,2025-01-17T11:18:32.079Z,2025-01-17T11:18:32.079Z
20,2023-05-05 10:05,,Yaya,9,Stacy,Lisa Alvarado,X46 5JQ,Recent never court professor here security.,Evet,2025-01-17T11:18:32.079Z,2025-01-17T11:18:32.079Z
21,2025-01-08 11:16,,Kargo,52,Amy,Dustin Jordan,5TU 777,Memory soldier where save probably.,Hayır,2025-01-17T11:18:32.079Z,2025-01-17T11:18:32.079Z
22,2024-01-07 06:08,,Kargo,12,Loretta,Megan Walker,E 003791,Increase picture create recent manager during prevent.,Evet,2025-01-17T11:18:32.079Z,2025-01-17T11:18:32.079Z
23,2024-01-02 07:02,,Yaya,29,Gregory,Kelly Williams,72D 7889,Wear through partner rest measure store.,Hayır,2025-01-17T11:18:32.079Z,2025-01-17T11:18:32.079Z
24,2023-01-02 22:21,,Yaya,58,Jonathon,Mark Cannon,PUH 471,Doctor from throw ball character.,Hayır,2025-01-17T11:18:32.079Z,2025-01-17T11:18:32.079Z
25,2025-01-09 10:07,,Paket Yemek,91,Jason,Gary Owens,9GNM096,Accept goal send table well industry section.,Evet,2025-01-17T11:18:32.079Z,2025-01-17T11:18:32.079Z
26,2024-01-06 22:12,,Paket Yemek,35,Ryan,George Shelton,XF9 O8E,Trade option production.,Evet,2025-01-17T11:18:32.079Z,2025-01-17T11:18:32.079Z
27,2024-12-08 19:12,,Yaya,18,Michelle,David Murphy,56K-464,Like see appear weight.,Evet,2025-01-17T11:18:32.079Z,2025-01-17T11:18:32.079Z
28,2023-01-08 21:22,,Araç,100,Susan,Andre Wright,271 TEH,Way let eight hard paper white responsibility.,Evet,2025-01-17T11:18:32.079Z,2025-01-17T11:18:32.079Z
29,2024-01-04 18:35,,Araç,75,Anthony,Michael Rubio,WGC 931,Sure outside building worker site.,Hayır,2025-01-17T11:18:32.079Z,2025-01-17T11:18:32.079Z
30,2024-12-07 11:10,,Yaya,85,Mitchell,Gloria Atkinson,DNL-726,Safe whole establish space.,Hayır,2025-01-17T11:18:32.079Z,2025-01-17T11:18:32.079Z
31,2023-01-06 15:24,,Yaya,94,Brittany,David Michael,799OH,From management foot maintain great election.,Hayır,2025-01-17T11:18:32.079Z,2025-01-17T11:18:32.079Z
32,2024-01-08 05:38,,Kargo,72,Alejandro,Angela Cortez,RYH-777,Behavior develop reality.,Hayır,2025-01-17T11:18:32.079Z,2025-01-17T11:18:32.079Z
33,2025-01-09 01:23,,Kargo,61,Angela,Zachary Pierce,444 WO3,Return firm sea week.,Evet,2025-01-17T11:18:32.079Z,2025-01-17T11:18:32.079Z
34,2023-11-03 07:47,,Paket Yemek,95,Todd,Vanessa Warren,352DGJ,Add move ever window network.,Evet,2025-01-17T11:18:32.079Z,2025-01-17T11:18:32.079Z
35,2023-08-08 17:47,,Yaya,14,Monique,Julie Alexander,LBI 711,Man officer rather charge specific we.,Evet,2025-01-17T11:18:32.079Z,2025-01-17T11:18:32.079Z
36,2024-01-04 00:17,,Araç,72,Kathy,Rachel Perez,MOO 496,Notice art whether between several.,Evet,2025-01-17T11:18:32.079Z,2025-01-17T11:18:32.079Z
37,2022-02-04 05:05,,Araç,21,John,Brooke Ortiz,TPJ 034,Reflect law reach under skin.,Evet,2025-01-17T11:18:32.079Z,2025-01-17T11:18:32.079Z
38,2024-01-06 03:49,,Araç,70,Jeffrey,Derek Thomas,9FZJ947,Light fight I evening.,Hayır,2025-01-17T11:18:32.079Z,2025-01-17T11:18:32.079Z
39,2023-06-06 07:30,,Araç,77,Bill,Frank Wright,399049,Several compare million.,Hayır,2025-01-17T11:18:32.079Z,2025-01-17T11:18:32.079Z
